DATAFLOW,LAST UPDATE,freq,age,sex,unit,geo,TIME_PERIOD,OBS_VALUE,OBS_FLAG,CONF_STATUS
ESTAT:TIPSLM80(1.0),29/04/26 23:00:00,Annual,From 15 to 24 years,Total,Percentage of population in the labour force,Austria,2009,11.3,,
ESTAT:TIPSLM80(1.0),29/04/26 23:00:00,Annual,From 15 to 24 years,Total,Percentage of population in the labour force,Austria,2010,10.1,,
ESTAT:TIPSLM80(1.0),29/04/26 23:00:00,Annual,From 15 to 24 years,Total,Percentage of population in the labour force,Austria,2011,9.5,,
ESTAT:TIPSLM80(1.0),29/04/26 23:00:00,Annual,From 15 to 24 years,Total,Percentage of population in the labour force,Austria,2012,10.0,,
ESTAT:TIPSLM80(1.0),29/04/26 23:00:00,Annual,From 15 to 24 years,Total,Percentage of population in the labour force,Austria,2013,10.3,,
ESTAT:TIPSLM80(1.0),29/04/26 23:00:00,Annual,From 15 to 24 years,Total,Percentage of population in the labour force,Austria,2014,11.0,,
ESTAT:TIPSLM80(1.0),29/04/26 23:00:00,Annual,From 15 to 24 years,Total,Percentage of population in the labour force,Austria,2015,11.3,,
ESTAT:TIPSLM80(1.0),29/04/26 23:00:00,Annual,From 15 to 24 years,Total,Percentage of population in the labour force,Austria,2016,12.0,,
ESTAT:TIPSLM80(1.0),29/04/26 23:00:00,Annual,From 15 to 24 years,Total,Percentage of population in the labour force,Austria,2017,10.5,,
ESTAT:TIPSLM80(1.0),29/04/26 23:00:00,Annual,From 15 to 24 years,Total,Percentage of population in the labour force,Austria,2018,10.0,,
ESTAT:TIPSLM80(1.0),29/04/26 23:00:00,Annual,From 15 to 24 years,Total,Percentage of population in the labour force,Austria,2019,9.1,,
ESTAT:TIPSLM80(1.0),29/04/26 23:00:00,Annual,From 15 to 24 years,Total,Percentage of population in the labour force,Austria,2020,11.7,,
ESTAT:TIPSLM80(1.0),29/04/26 23:00:00,Annual,From 15 to 24 years,Total,Percentage of population in the labour force,Austria,2021,11.0,,
ESTAT:TIPSLM80(1.0),29/04/26 23:00:00,Annual,From 15 to 24 years,Total,Percentage of population in the labour force,Austria,2022,9.5,,
ESTAT:TIPSLM80(1.0),29/04/26 23:00:00,Annual,From 15 to 24 years,Total,Percentage of population in the labour force,Austria,2023,10.4,,
ESTAT:TIPSLM80(1.0),29/04/26 23:00:00,Annual,From 15 to 24 years,Total,Percentage of population in the labour force,Austria,2024,10.3,,
ESTAT:TIPSLM80(1.0),29/04/26 23:00:00,Annual,From 15 to 24 years,Total,Percentage of population in the labour force,Austria,2025,11.5,,
ESTAT:TIPSLM80(1.0),29/04/26 23:00:00,Annual,From 15 to 24 years,Total,Percentage of population in the labour force,Belgium,2009,22.0,,
ESTAT:TIPSLM80(1.0),29/04/26 23:00:00,Annual,From 15 to 24 years,Total,Percentage of population in the labour force,Belgium,2010,22.4,,
ESTAT:TIPSLM80(1.0),29/04/26 23:00:00,Annual,From 15 to 24 years,Total,Percentage of population in the labour force,Belgium,2011,18.9,,
ESTAT:TIPSLM80(1.0),29/04/26 23:00:00,Annual,From 15 to 24 years,Total,Percentage of population in the labour force,Belgium,2012,20.0,,
ESTAT:TIPSLM80(1.0),29/04/26 23:00:00,Annual,From 15 to 24 years,Total,Percentage of population in the labour force,Belgium,2013,23.9,,
ESTAT:TIPSLM80(1.0),29/04/26 23:00:00,Annual,From 15 to 24 years,Total,Percentage of population in the labour force,Belgium,2014,23.4,,
ESTAT:TIPSLM80(1.0),29/04/26 23:00:00,Annual,From 15 to 24 years,Total,Percentage of population in the labour force,Belgium,2015,22.5,,
ESTAT:TIPSLM80(1.0),29/04/26 23:00:00,Annual,From 15 to 24 years,Total,Percentage of population in the labour force,Belgium,2016,20.3,,
ESTAT:TIPSLM80(1.0),29/04/26 23:00:00,Annual,From 15 to 24 years,Total,Percentage of population in the labour force,Belgium,2017,19.4,b,
ESTAT:TIPSLM80(1.0),29/04/26 23:00:00,Annual,From 15 to 24 years,Total,Percentage of population in the labour force,Belgium,2018,16.0,,
ESTAT:TIPSLM80(1.0),29/04/26 23:00:00,Annual,From 15 to 24 years,Total,Percentage of population in the labour force,Belgium,2019,14.5,,
ESTAT:TIPSLM80(1.0),29/04/26 23:00:00,Annual,From 15 to 24 years,Total,Percentage of population in the labour force,Belgium,2020,15.9,,
ESTAT:TIPSLM80(1.0),29/04/26 23:00:00,Annual,From 15 to 24 years,Total,Percentage of population in the labour force,Belgium,2021,18.2,,
ESTAT:TIPSLM80(1.0),29/04/26 23:00:00,Annual,From 15 to 24 years,Total,Percentage of population in the labour force,Belgium,2022,16.4,,
ESTAT:TIPSLM80(1.0),29/04/26 23:00:00,Annual,From 15 to 24 years,Total,Percentage of population in the labour force,Belgium,2023,16.1,,
ESTAT:TIPSLM80(1.0),29/04/26 23:00:00,Annual,From 15 to 24 years,Total,Percentage of population in the labour force,Belgium,2024,17.4,,
ESTAT:TIPSLM80(1.0),29/04/26 23:00:00,Annual,From 15 to 24 years,Total,Percentage of population in the labour force,Belgium,2025,17.4,,
ESTAT:TIPSLM80(1.0),29/04/26 23:00:00,Annual,From 15 to 24 years,Total,Percentage of population in the labour force,Bulgaria,2009,19.4,,
ESTAT:TIPSLM80(1.0),29/04/26 23:00:00,Annual,From 15 to 24 years,Total,Percentage of population in the labour force,Bulgaria,2010,25.1,b,
ESTAT:TIPSLM80(1.0),29/04/26 23:00:00,Annual,From 15 to 24 years,Total,Percentage of population in the labour force,Bulgaria,2011,28.2,b,
ESTAT:TIPSLM80(1.0),29/04/26 23:00:00,Annual,From 15 to 24 years,Total,Percentage of population in the labour force,Bulgaria,2012,31.2,,
ESTAT:TIPSLM80(1.0),29/04/26 23:00:00,Annual,From 15 to 24 years,Total,Percentage of population in the labour force,Bulgaria,2013,31.5,,
ESTAT:TIPSLM80(1.0),29/04/26 23:00:00,Annual,From 15 to 24 years,Total,Percentage of population in the labour force,Bulgaria,2014,26.9,,
ESTAT:TIPSLM80(1.0),29/04/26 23:00:00,Annual,From 15 to 24 years,Total,Percentage of population in the labour force,Bulgaria,2015,24.7,,
ESTAT:TIPSLM80(1.0),29/04/26 23:00:00,Annual,From 15 to 24 years,Total,Percentage of population in the labour force,Bulgaria,2016,20.4,,
ESTAT:TIPSLM80(1.0),29/04/26 23:00:00,Annual,From 15 to 24 years,Total,Percentage of population in the labour force,Bulgaria,2017,16.1,,
ESTAT:TIPSLM80(1.0),29/04/26 23:00:00,Annual,From 15 to 24 years,Total,Percentage of population in the labour force,Bulgaria,2018,15.9,,
ESTAT:TIPSLM80(1.0),29/04/26 23:00:00,Annual,From 15 to 24 years,Total,Percentage of population in the labour force,Bulgaria,2019,12.1,b,
ESTAT:TIPSLM80(1.0),29/04/26 23:00:00,Annual,From 15 to 24 years,Total,Percentage of population in the labour force,Bulgaria,2020,17.5,,
ESTAT:TIPSLM80(1.0),29/04/26 23:00:00,Annual,From 15 to 24 years,Total,Percentage of population in the labour force,Bulgaria,2021,15.8,,
ESTAT:TIPSLM80(1.0),29/04/26 23:00:00,Annual,From 15 to 24 years,Total,Percentage of population in the labour force,Bulgaria,2022,10.6,,
ESTAT:TIPSLM80(1.0),29/04/26 23:00:00,Annual,From 15 to 24 years,Total,Percentage of population in the labour force,Bulgaria,2023,12.1,,
ESTAT:TIPSLM80(1.0),29/04/26 23:00:00,Annual,From 15 to 24 years,Total,Percentage of population in the labour force,Bulgaria,2024,12.3,b,
ESTAT:TIPSLM80(1.0),29/04/26 23:00:00,Annual,From 15 to 24 years,Total,Percentage of population in the labour force,Bulgaria,2025,13.1,,
ESTAT:TIPSLM80(1.0),29/04/26 23:00:00,Annual,From 15 to 24 years,Total,Percentage of population in the labour force,Cyprus,2009,13.8,,
ESTAT:TIPSLM80(1.0),29/04/26 23:00:00,Annual,From 15 to 24 years,Total,Percentage of population in the labour force,Cyprus,2010,16.6,,
ESTAT:TIPSLM80(1.0),29/04/26 23:00:00,Annual,From 15 to 24 years,Total,Percentage of population in the labour force,Cyprus,2011,22.4,,
ESTAT:TIPSLM80(1.0),29/04/26 23:00:00,Annual,From 15 to 24 years,Total,Percentage of population in the labour force,Cyprus,2012,27.7,,
ESTAT:TIPSLM80(1.0),29/04/26 23:00:00,Annual,From 15 to 24 years,Total,Percentage of population in the labour force,Cyprus,2013,38.9,,
ESTAT:TIPSLM80(1.0),29/04/26 23:00:00,Annual,From 15 to 24 years,Total,Percentage of population in the labour force,Cyprus,2014,36.0,,
ESTAT:TIPSLM80(1.0),29/04/26 23:00:00,Annual,From 15 to 24 years,Total,Percentage of population in the labour force,Cyprus,2015,32.8,,
ESTAT:TIPSLM80(1.0),29/04/26 23:00:00,Annual,From 15 to 24 years,Total,Percentage of population in the labour force,Cyprus,2016,29.1,,
ESTAT:TIPSLM80(1.0),29/04/26 23:00:00,Annual,From 15 to 24 years,Total,Percentage of population in the labour force,Cyprus,2017,24.7,,
ESTAT:TIPSLM80(1.0),29/04/26 23:00:00,Annual,From 15 to 24 years,Total,Percentage of population in the labour force,Cyprus,2018,20.2,,
ESTAT:TIPSLM80(1.0),29/04/26 23:00:00,Annual,From 15 to 24 years,Total,Percentage of population in the labour force,Cyprus,2019,17.6,,
ESTAT:TIPSLM80(1.0),29/04/26 23:00:00,Annual,From 15 to 24 years,Total,Percentage of population in the labour force,Cyprus,2020,17.6,,
ESTAT:TIPSLM80(1.0),29/04/26 23:00:00,Annual,From 15 to 24 years,Total,Percentage of population in the labour force,Cyprus,2021,17.3,,
ESTAT:TIPSLM80(1.0),29/04/26 23:00:00,Annual,From 15 to 24 years,Total,Percentage of population in the labour force,Cyprus,2022,18.1,,
ESTAT:TIPSLM80(1.0),29/04/26 23:00:00,Annual,From 15 to 24 years,Total,Percentage of population in the labour force,Cyprus,2023,16.6,,
ESTAT:TIPSLM80(1.0),29/04/26 23:00:00,Annual,From 15 to 24 years,Total,Percentage of population in the labour force,Cyprus,2024,13.0,,
ESTAT:TIPSLM80(1.0),29/04/26 23:00:00,Annual,From 15 to 24 years,Total,Percentage of population in the labour force,Cyprus,2025,13.5,,
ESTAT:TIPSLM80(1.0),29/04/26 23:00:00,Annual,From 15 to 24 years,Total,Percentage of population in the labour force,Czechia,2009,16.6,,
ESTAT:TIPSLM80(1.0),29/04/26 23:00:00,Annual,From 15 to 24 years,Total,Percentage of population in the labour force,Czechia,2010,18.3,,
ESTAT:TIPSLM80(1.0),29/04/26 23:00:00,Annual,From 15 to 24 years,Total,Percentage of population in the labour force,Czechia,2011,18.1,b,
ESTAT:TIPSLM80(1.0),29/04/26 23:00:00,Annual,From 15 to 24 years,Total,Percentage of population in the labour force,Czechia,2012,19.5,,
ESTAT:TIPSLM80(1.0),29/04/26 23:00:00,Annual,From 15 to 24 years,Total,Percentage of population in the labour force,Czechia,2013,19.0,,
ESTAT:TIPSLM80(1.0),29/04/26 23:00:00,Annual,From 15 to 24 years,Total,Percentage of population in the labour force,Czechia,2014,15.9,,
ESTAT:TIPSLM80(1.0),29/04/26 23:00:00,Annual,From 15 to 24 years,Total,Percentage of population in the labour force,Czechia,2015,12.6,,
ESTAT:TIPSLM80(1.0),29/04/26 23:00:00,Annual,From 15 to 24 years,Total,Percentage of population in the labour force,Czechia,2016,10.5,,
ESTAT:TIPSLM80(1.0),29/04/26 23:00:00,Annual,From 15 to 24 years,Total,Percentage of population in the labour force,Czechia,2017,7.9,,
ESTAT:TIPSLM80(1.0),29/04/26 23:00:00,Annual,From 15 to 24 years,Total,Percentage of population in the labour force,Czechia,2018,6.7,,
ESTAT:TIPSLM80(1.0),29/04/26 23:00:00,Annual,From 15 to 24 years,Total,Percentage of population in the labour force,Czechia,2019,5.6,,
ESTAT:TIPSLM80(1.0),29/04/26 23:00:00,Annual,From 15 to 24 years,Total,Percentage of population in the labour force,Czechia,2020,8.0,,
ESTAT:TIPSLM80(1.0),29/04/26 23:00:00,Annual,From 15 to 24 years,Total,Percentage of population in the labour force,Czechia,2021,8.2,,
ESTAT:TIPSLM80(1.0),29/04/26 23:00:00,Annual,From 15 to 24 years,Total,Percentage of population in the labour force,Czechia,2022,6.8,,
ESTAT:TIPSLM80(1.0),29/04/26 23:00:00,Annual,From 15 to 24 years,Total,Percentage of population in the labour force,Czechia,2023,8.3,,
ESTAT:TIPSLM80(1.0),29/04/26 23:00:00,Annual,From 15 to 24 years,Total,Percentage of population in the labour force,Czechia,2024,9.1,,
ESTAT:TIPSLM80(1.0),29/04/26 23:00:00,Annual,From 15 to 24 years,Total,Percentage of population in the labour force,Czechia,2025,10.4,,
ESTAT:TIPSLM80(1.0),29/04/26 23:00:00,Annual,From 15 to 24 years,Total,Percentage of population in the labour force,Germany,2009,11.9,,
ESTAT:TIPSLM80(1.0),29/04/26 23:00:00,Annual,From 15 to 24 years,Total,Percentage of population in the labour force,Germany,2010,10.5,b,
ESTAT:TIPSLM80(1.0),29/04/26 23:00:00,Annual,From 15 to 24 years,Total,Percentage of population in the labour force,Germany,2011,9.1,b,
ESTAT:TIPSLM80(1.0),29/04/26 23:00:00,Annual,From 15 to 24 years,Total,Percentage of population in the labour force,Germany,2012,8.6,,
ESTAT:TIPSLM80(1.0),29/04/26 23:00:00,Annual,From 15 to 24 years,Total,Percentage of population in the labour force,Germany,2013,8.3,,
ESTAT:TIPSLM80(1.0),29/04/26 23:00:00,Annual,From 15 to 24 years,Total,Percentage of population in the labour force,Germany,2014,8.2,,
ESTAT:TIPSLM80(1.0),29/04/26 23:00:00,Annual,From 15 to 24 years,Total,Percentage of population in the labour force,Germany,2015,7.7,,
ESTAT:TIPSLM80(1.0),29/04/26 23:00:00,Annual,From 15 to 24 years,Total,Percentage of population in the labour force,Germany,2016,7.5,,
ESTAT:TIPSLM80(1.0),29/04/26 23:00:00,Annual,From 15 to 24 years,Total,Percentage of population in the labour force,Germany,2017,7.2,,
ESTAT:TIPSLM80(1.0),29/04/26 23:00:00,Annual,From 15 to 24 years,Total,Percentage of population in the labour force,Germany,2018,6.6,,
ESTAT:TIPSLM80(1.0),29/04/26 23:00:00,Annual,From 15 to 24 years,Total,Percentage of population in the labour force,Germany,2019,6.1,,
ESTAT:TIPSLM80(1.0),29/04/26 23:00:00,Annual,From 15 to 24 years,Total,Percentage of population in the labour force,Germany,2020,7.9,b,
ESTAT:TIPSLM80(1.0),29/04/26 23:00:00,Annual,From 15 to 24 years,Total,Percentage of population in the labour force,Germany,2021,7.0,,
ESTAT:TIPSLM80(1.0),29/04/26 23:00:00,Annual,From 15 to 24 years,Total,Percentage of population in the labour force,Germany,2022,6.0,,
ESTAT:TIPSLM80(1.0),29/04/26 23:00:00,Annual,From 15 to 24 years,Total,Percentage of population in the labour force,Germany,2023,5.9,,
ESTAT:TIPSLM80(1.0),29/04/26 23:00:00,Annual,From 15 to 24 years,Total,Percentage of population in the labour force,Germany,2024,6.5,,
ESTAT:TIPSLM80(1.0),29/04/26 23:00:00,Annual,From 15 to 24 years,Total,Percentage of population in the labour force,Germany,2025,7.1,,
ESTAT:TIPSLM80(1.0),29/04/26 23:00:00,Annual,From 15 to 24 years,Total,Percentage of population in the labour force,Denmark,2009,13.5,,
ESTAT:TIPSLM80(1.0),29/04/26 23:00:00,Annual,From 15 to 24 years,Total,Percentage of population in the labour force,Denmark,2010,15.6,,
ESTAT:TIPSLM80(1.0),29/04/26 23:00:00,Annual,From 15 to 24 years,Total,Percentage of population in the labour force,Denmark,2011,16.4,,
ESTAT:TIPSLM80(1.0),29/04/26 23:00:00,Annual,From 15 to 24 years,Total,Percentage of population in the labour force,Denmark,2012,15.8,,
ESTAT:TIPSLM80(1.0),29/04/26 23:00:00,Annual,From 15 to 24 years,Total,Percentage of population in the labour force,Denmark,2013,14.8,,
ESTAT:TIPSLM80(1.0),29/04/26 23:00:00,Annual,From 15 to 24 years,Total,Percentage of population in the labour force,Denmark,2014,14.2,,
ESTAT:TIPSLM80(1.0),29/04/26 23:00:00,Annual,From 15 to 24 years,Total,Percentage of population in the labour force,Denmark,2015,12.2,,
ESTAT:TIPSLM80(1.0),29/04/26 23:00:00,Annual,From 15 to 24 years,Total,Percentage of population in the labour force,Denmark,2016,12.2,b,
ESTAT:TIPSLM80(1.0),29/04/26 23:00:00,Annual,From 15 to 24 years,Total,Percentage of population in the labour force,Denmark,2017,12.4,b,
ESTAT:TIPSLM80(1.0),29/04/26 23:00:00,Annual,From 15 to 24 years,Total,Percentage of population in the labour force,Denmark,2018,10.5,,
ESTAT:TIPSLM80(1.0),29/04/26 23:00:00,Annual,From 15 to 24 years,Total,Percentage of population in the labour force,Denmark,2019,10.1,,
ESTAT:TIPSLM80(1.0),29/04/26 23:00:00,Annual,From 15 to 24 years,Total,Percentage of population in the labour force,Denmark,2020,11.7,,
ESTAT:TIPSLM80(1.0),29/04/26 23:00:00,Annual,From 15 to 24 years,Total,Percentage of population in the labour force,Denmark,2021,10.8,,
ESTAT:TIPSLM80(1.0),29/04/26 23:00:00,Annual,From 15 to 24 years,Total,Percentage of population in the labour force,Denmark,2022,10.6,,
ESTAT:TIPSLM80(1.0),29/04/26 23:00:00,Annual,From 15 to 24 years,Total,Percentage of population in the labour force,Denmark,2023,11.5,b,
ESTAT:TIPSLM80(1.0),29/04/26 23:00:00,Annual,From 15 to 24 years,Total,Percentage of population in the labour force,Denmark,2024,14.6,,
ESTAT:TIPSLM80(1.0),29/04/26 23:00:00,Annual,From 15 to 24 years,Total,Percentage of population in the labour force,Denmark,2025,13.8,,
ESTAT:TIPSLM80(1.0),29/04/26 23:00:00,Annual,From 15 to 24 years,Total,Percentage of population in the labour force,Euro area – 20 countries (2023-2025),2009,21.3,,
ESTAT:TIPSLM80(1.0),29/04/26 23:00:00,Annual,From 15 to 24 years,Total,Percentage of population in the labour force,Euro area – 20 countries (2023-2025),2010,22.1,,
ESTAT:TIPSLM80(1.0),29/04/26 23:00:00,Annual,From 15 to 24 years,Total,Percentage of population in the labour force,Euro area – 20 countries (2023-2025),2011,22.1,,
ESTAT:TIPSLM80(1.0),29/04/26 23:00:00,Annual,From 15 to 24 years,Total,Percentage of population in the labour force,Euro area – 20 countries (2023-2025),2012,24.3,,
ESTAT:TIPSLM80(1.0),29/04/26 23:00:00,Annual,From 15 to 24 years,Total,Percentage of population in the labour force,Euro area – 20 countries (2023-2025),2013,25.2,,
ESTAT:TIPSLM80(1.0),29/04/26 23:00:00,Annual,From 15 to 24 years,Total,Percentage of population in the labour force,Euro area – 20 countries (2023-2025),2014,24.5,,
ESTAT:TIPSLM80(1.0),29/04/26 23:00:00,Annual,From 15 to 24 years,Total,Percentage of population in the labour force,Euro area – 20 countries (2023-2025),2015,23.1,,
ESTAT:TIPSLM80(1.0),29/04/26 23:00:00,Annual,From 15 to 24 years,Total,Percentage of population in the labour force,Euro area – 20 countries (2023-2025),2016,21.6,,
ESTAT:TIPSLM80(1.0),29/04/26 23:00:00,Annual,From 15 to 24 years,Total,Percentage of population in the labour force,Euro area – 20 countries (2023-2025),2017,19.4,,
ESTAT:TIPSLM80(1.0),29/04/26 23:00:00,Annual,From 15 to 24 years,Total,Percentage of population in the labour force,Euro area – 20 countries (2023-2025),2018,17.6,,
ESTAT:TIPSLM80(1.0),29/04/26 23:00:00,Annual,From 15 to 24 years,Total,Percentage of population in the labour force,Euro area – 20 countries (2023-2025),2019,16.3,,
ESTAT:TIPSLM80(1.0),29/04/26 23:00:00,Annual,From 15 to 24 years,Total,Percentage of population in the labour force,Euro area – 20 countries (2023-2025),2020,18.2,,
ESTAT:TIPSLM80(1.0),29/04/26 23:00:00,Annual,From 15 to 24 years,Total,Percentage of population in the labour force,Euro area – 20 countries (2023-2025),2021,17.0,,
ESTAT:TIPSLM80(1.0),29/04/26 23:00:00,Annual,From 15 to 24 years,Total,Percentage of population in the labour force,Euro area – 20 countries (2023-2025),2022,14.6,,
ESTAT:TIPSLM80(1.0),29/04/26 23:00:00,Annual,From 15 to 24 years,Total,Percentage of population in the labour force,Euro area – 20 countries (2023-2025),2023,14.5,,
ESTAT:TIPSLM80(1.0),29/04/26 23:00:00,Annual,From 15 to 24 years,Total,Percentage of population in the labour force,Euro area – 20 countries (2023-2025),2024,14.6,,
ESTAT:TIPSLM80(1.0),29/04/26 23:00:00,Annual,From 15 to 24 years,Total,Percentage of population in the labour force,Euro area – 20 countries (2023-2025),2025,14.9,,
ESTAT:TIPSLM80(1.0),29/04/26 23:00:00,Annual,From 15 to 24 years,Total,Percentage of population in the labour force,Euro area – 21 countries (from 2026),2009,21.2,,
ESTAT:TIPSLM80(1.0),29/04/26 23:00:00,Annual,From 15 to 24 years,Total,Percentage of population in the labour force,Euro area – 21 countries (from 2026),2010,22.2,,
ESTAT:TIPSLM80(1.0),29/04/26 23:00:00,Annual,From 15 to 24 years,Total,Percentage of population in the labour force,Euro area – 21 countries (from 2026),2011,22.2,,
ESTAT:TIPSLM80(1.0),29/04/26 23:00:00,Annual,From 15 to 24 years,Total,Percentage of population in the labour force,Euro area – 21 countries (from 2026),2012,24.4,,
ESTAT:TIPSLM80(1.0),29/04/26 23:00:00,Annual,From 15 to 24 years,Total,Percentage of population in the labour force,Euro area – 21 countries (from 2026),2013,25.3,,
ESTAT:TIPSLM80(1.0),29/04/26 23:00:00,Annual,From 15 to 24 years,Total,Percentage of population in the labour force,Euro area – 21 countries (from 2026),2014,24.5,,
ESTAT:TIPSLM80(1.0),29/04/26 23:00:00,Annual,From 15 to 24 years,Total,Percentage of population in the labour force,Euro area – 21 countries (from 2026),2015,23.1,,
ESTAT:TIPSLM80(1.0),29/04/26 23:00:00,Annual,From 15 to 24 years,Total,Percentage of population in the labour force,Euro area – 21 countries (from 2026),2016,21.5,,
ESTAT:TIPSLM80(1.0),29/04/26 23:00:00,Annual,From 15 to 24 years,Total,Percentage of population in the labour force,Euro area – 21 countries (from 2026),2017,19.4,,
ESTAT:TIPSLM80(1.0),29/04/26 23:00:00,Annual,From 15 to 24 years,Total,Percentage of population in the labour force,Euro area – 21 countries (from 2026),2018,17.5,,
ESTAT:TIPSLM80(1.0),29/04/26 23:00:00,Annual,From 15 to 24 years,Total,Percentage of population in the labour force,Euro area – 21 countries (from 2026),2019,16.3,,
ESTAT:TIPSLM80(1.0),29/04/26 23:00:00,Annual,From 15 to 24 years,Total,Percentage of population in the labour force,Euro area – 21 countries (from 2026),2020,18.2,,
ESTAT:TIPSLM80(1.0),29/04/26 23:00:00,Annual,From 15 to 24 years,Total,Percentage of population in the labour force,Euro area – 21 countries (from 2026),2021,16.9,,
ESTAT:TIPSLM80(1.0),29/04/26 23:00:00,Annual,From 15 to 24 years,Total,Percentage of population in the labour force,Euro area – 21 countries (from 2026),2022,14.6,,
ESTAT:TIPSLM80(1.0),29/04/26 23:00:00,Annual,From 15 to 24 years,Total,Percentage of population in the labour force,Euro area – 21 countries (from 2026),2023,14.5,,
ESTAT:TIPSLM80(1.0),29/04/26 23:00:00,Annual,From 15 to 24 years,Total,Percentage of population in the labour force,Euro area – 21 countries (from 2026),2024,14.6,,
ESTAT:TIPSLM80(1.0),29/04/26 23:00:00,Annual,From 15 to 24 years,Total,Percentage of population in the labour force,Euro area – 21 countries (from 2026),2025,14.9,,
ESTAT:TIPSLM80(1.0),29/04/26 23:00:00,Annual,From 15 to 24 years,Total,Percentage of population in the labour force,Estonia,2009,27.2,,
ESTAT:TIPSLM80(1.0),29/04/26 23:00:00,Annual,From 15 to 24 years,Total,Percentage of population in the labour force,Estonia,2010,32.6,,
ESTAT:TIPSLM80(1.0),29/04/26 23:00:00,Annual,From 15 to 24 years,Total,Percentage of population in the labour force,Estonia,2011,22.3,,
ESTAT:TIPSLM80(1.0),29/04/26 23:00:00,Annual,From 15 to 24 years,Total,Percentage of population in the labour force,Estonia,2012,20.7,,
ESTAT:TIPSLM80(1.0),29/04/26 23:00:00,Annual,From 15 to 24 years,Total,Percentage of population in the labour force,Estonia,2013,18.6,,
ESTAT:TIPSLM80(1.0),29/04/26 23:00:00,Annual,From 15 to 24 years,Total,Percentage of population in the labour force,Estonia,2014,14.9,,
ESTAT:TIPSLM80(1.0),29/04/26 23:00:00,Annual,From 15 to 24 years,Total,Percentage of population in the labour force,Estonia,2015,14.3,,
ESTAT:TIPSLM80(1.0),29/04/26 23:00:00,Annual,From 15 to 24 years,Total,Percentage of population in the labour force,Estonia,2016,14.0,,
ESTAT:TIPSLM80(1.0),29/04/26 23:00:00,Annual,From 15 to 24 years,Total,Percentage of population in the labour force,Estonia,2017,12.1,,
ESTAT:TIPSLM80(1.0),29/04/26 23:00:00,Annual,From 15 to 24 years,Total,Percentage of population in the labour force,Estonia,2018,12.0,,
ESTAT:TIPSLM80(1.0),29/04/26 23:00:00,Annual,From 15 to 24 years,Total,Percentage of population in the labour force,Estonia,2019,11.6,,
ESTAT:TIPSLM80(1.0),29/04/26 23:00:00,Annual,From 15 to 24 years,Total,Percentage of population in the labour force,Estonia,2020,18.3,,
ESTAT:TIPSLM80(1.0),29/04/26 23:00:00,Annual,From 15 to 24 years,Total,Percentage of population in the labour force,Estonia,2021,16.7,,
ESTAT:TIPSLM80(1.0),29/04/26 23:00:00,Annual,From 15 to 24 years,Total,Percentage of population in the labour force,Estonia,2022,18.6,,
ESTAT:TIPSLM80(1.0),29/04/26 23:00:00,Annual,From 15 to 24 years,Total,Percentage of population in the labour force,Estonia,2023,17.3,,
ESTAT:TIPSLM80(1.0),29/04/26 23:00:00,Annual,From 15 to 24 years,Total,Percentage of population in the labour force,Estonia,2024,19.1,,
ESTAT:TIPSLM80(1.0),29/04/26 23:00:00,Annual,From 15 to 24 years,Total,Percentage of population in the labour force,Estonia,2025,20.7,,
ESTAT:TIPSLM80(1.0),29/04/26 23:00:00,Annual,From 15 to 24 years,Total,Percentage of population in the labour force,Greece,2009,26.1,,
ESTAT:TIPSLM80(1.0),29/04/26 23:00:00,Annual,From 15 to 24 years,Total,Percentage of population in the labour force,Greece,2010,33.6,,
ESTAT:TIPSLM80(1.0),29/04/26 23:00:00,Annual,From 15 to 24 years,Total,Percentage of population in the labour force,Greece,2011,45.2,,
ESTAT:TIPSLM80(1.0),29/04/26 23:00:00,Annual,From 15 to 24 years,Total,Percentage of population in the labour force,Greece,2012,55.9,,
ESTAT:TIPSLM80(1.0),29/04/26 23:00:00,Annual,From 15 to 24 years,Total,Percentage of population in the labour force,Greece,2013,59.2,,
ESTAT:TIPSLM80(1.0),29/04/26 23:00:00,Annual,From 15 to 24 years,Total,Percentage of population in the labour force,Greece,2014,53.0,,
ESTAT:TIPSLM80(1.0),29/04/26 23:00:00,Annual,From 15 to 24 years,Total,Percentage of population in the labour force,Greece,2015,50.3,,
ESTAT:TIPSLM80(1.0),29/04/26 23:00:00,Annual,From 15 to 24 years,Total,Percentage of population in the labour force,Greece,2016,48.2,,
ESTAT:TIPSLM80(1.0),29/04/26 23:00:00,Annual,From 15 to 24 years,Total,Percentage of population in the labour force,Greece,2017,44.5,,
ESTAT:TIPSLM80(1.0),29/04/26 23:00:00,Annual,From 15 to 24 years,Total,Percentage of population in the labour force,Greece,2018,41.2,,
ESTAT:TIPSLM80(1.0),29/04/26 23:00:00,Annual,From 15 to 24 years,Total,Percentage of population in the labour force,Greece,2019,37.5,,
ESTAT:TIPSLM80(1.0),29/04/26 23:00:00,Annual,From 15 to 24 years,Total,Percentage of population in the labour force,Greece,2020,38.0,,
ESTAT:TIPSLM80(1.0),29/04/26 23:00:00,Annual,From 15 to 24 years,Total,Percentage of population in the labour force,Greece,2021,35.5,,
ESTAT:TIPSLM80(1.0),29/04/26 23:00:00,Annual,From 15 to 24 years,Total,Percentage of population in the labour force,Greece,2022,31.4,,
ESTAT:TIPSLM80(1.0),29/04/26 23:00:00,Annual,From 15 to 24 years,Total,Percentage of population in the labour force,Greece,2023,26.7,,
ESTAT:TIPSLM80(1.0),29/04/26 23:00:00,Annual,From 15 to 24 years,Total,Percentage of population in the labour force,Greece,2024,22.5,,
ESTAT:TIPSLM80(1.0),29/04/26 23:00:00,Annual,From 15 to 24 years,Total,Percentage of population in the labour force,Greece,2025,19.1,,
ESTAT:TIPSLM80(1.0),29/04/26 23:00:00,Annual,From 15 to 24 years,Total,Percentage of population in the labour force,Spain,2009,37.7,,
ESTAT:TIPSLM80(1.0),29/04/26 23:00:00,Annual,From 15 to 24 years,Total,Percentage of population in the labour force,Spain,2010,41.5,,
ESTAT:TIPSLM80(1.0),29/04/26 23:00:00,Annual,From 15 to 24 years,Total,Percentage of population in the labour force,Spain,2011,46.2,,
ESTAT:TIPSLM80(1.0),29/04/26 23:00:00,Annual,From 15 to 24 years,Total,Percentage of population in the labour force,Spain,2012,52.9,,
ESTAT:TIPSLM80(1.0),29/04/26 23:00:00,Annual,From 15 to 24 years,Total,Percentage of population in the labour force,Spain,2013,55.5,,
ESTAT:TIPSLM80(1.0),29/04/26 23:00:00,Annual,From 15 to 24 years,Total,Percentage of population in the labour force,Spain,2014,53.2,,
ESTAT:TIPSLM80(1.0),29/04/26 23:00:00,Annual,From 15 to 24 years,Total,Percentage of population in the labour force,Spain,2015,48.3,,
ESTAT:TIPSLM80(1.0),29/04/26 23:00:00,Annual,From 15 to 24 years,Total,Percentage of population in the labour force,Spain,2016,44.4,,
ESTAT:TIPSLM80(1.0),29/04/26 23:00:00,Annual,From 15 to 24 years,Total,Percentage of population in the labour force,Spain,2017,38.6,,
ESTAT:TIPSLM80(1.0),29/04/26 23:00:00,Annual,From 15 to 24 years,Total,Percentage of population in the labour force,Spain,2018,34.3,,
ESTAT:TIPSLM80(1.0),29/04/26 23:00:00,Annual,From 15 to 24 years,Total,Percentage of population in the labour force,Spain,2019,32.5,,
ESTAT:TIPSLM80(1.0),29/04/26 23:00:00,Annual,From 15 to 24 years,Total,Percentage of population in the labour force,Spain,2020,38.3,,
ESTAT:TIPSLM80(1.0),29/04/26 23:00:00,Annual,From 15 to 24 years,Total,Percentage of population in the labour force,Spain,2021,35.0,d,
ESTAT:TIPSLM80(1.0),29/04/26 23:00:00,Annual,From 15 to 24 years,Total,Percentage of population in the labour force,Spain,2022,29.7,d,
ESTAT:TIPSLM80(1.0),29/04/26 23:00:00,Annual,From 15 to 24 years,Total,Percentage of population in the labour force,Spain,2023,28.7,d,
ESTAT:TIPSLM80(1.0),29/04/26 23:00:00,Annual,From 15 to 24 years,Total,Percentage of population in the labour force,Spain,2024,26.5,d,
ESTAT:TIPSLM80(1.0),29/04/26 23:00:00,Annual,From 15 to 24 years,Total,Percentage of population in the labour force,Spain,2025,24.9,d,
ESTAT:TIPSLM80(1.0),29/04/26 23:00:00,Annual,From 15 to 24 years,Total,Percentage of population in the labour force,European Union - 27 countries (from 2020),2009,21.2,,
ESTAT:TIPSLM80(1.0),29/04/26 23:00:00,Annual,From 15 to 24 years,Total,Percentage of population in the labour force,European Union - 27 countries (from 2020),2010,22.4,,
ESTAT:TIPSLM80(1.0),29/04/26 23:00:00,Annual,From 15 to 24 years,Total,Percentage of population in the labour force,European Union - 27 countries (from 2020),2011,22.5,,
ESTAT:TIPSLM80(1.0),29/04/26 23:00:00,Annual,From 15 to 24 years,Total,Percentage of population in the labour force,European Union - 27 countries (from 2020),2012,24.4,,
ESTAT:TIPSLM80(1.0),29/04/26 23:00:00,Annual,From 15 to 24 years,Total,Percentage of population in the labour force,European Union - 27 countries (from 2020),2013,25.2,,
ESTAT:TIPSLM80(1.0),29/04/26 23:00:00,Annual,From 15 to 24 years,Total,Percentage of population in the labour force,European Union - 27 countries (from 2020),2014,24.1,,
ESTAT:TIPSLM80(1.0),29/04/26 23:00:00,Annual,From 15 to 24 years,Total,Percentage of population in the labour force,European Union - 27 countries (from 2020),2015,22.4,,
ESTAT:TIPSLM80(1.0),29/04/26 23:00:00,Annual,From 15 to 24 years,Total,Percentage of population in the labour force,European Union - 27 countries (from 2020),2016,20.7,,
ESTAT:TIPSLM80(1.0),29/04/26 23:00:00,Annual,From 15 to 24 years,Total,Percentage of population in the labour force,European Union - 27 countries (from 2020),2017,18.5,,
ESTAT:TIPSLM80(1.0),29/04/26 23:00:00,Annual,From 15 to 24 years,Total,Percentage of population in the labour force,European Union - 27 countries (from 2020),2018,16.7,,
ESTAT:TIPSLM80(1.0),29/04/26 23:00:00,Annual,From 15 to 24 years,Total,Percentage of population in the labour force,European Union - 27 countries (from 2020),2019,15.7,,
ESTAT:TIPSLM80(1.0),29/04/26 23:00:00,Annual,From 15 to 24 years,Total,Percentage of population in the labour force,European Union - 27 countries (from 2020),2020,17.6,,
ESTAT:TIPSLM80(1.0),29/04/26 23:00:00,Annual,From 15 to 24 years,Total,Percentage of population in the labour force,European Union - 27 countries (from 2020),2021,16.7,,
ESTAT:TIPSLM80(1.0),29/04/26 23:00:00,Annual,From 15 to 24 years,Total,Percentage of population in the labour force,European Union - 27 countries (from 2020),2022,14.6,,
ESTAT:TIPSLM80(1.0),29/04/26 23:00:00,Annual,From 15 to 24 years,Total,Percentage of population in the labour force,European Union - 27 countries (from 2020),2023,14.6,,
ESTAT:TIPSLM80(1.0),29/04/26 23:00:00,Annual,From 15 to 24 years,Total,Percentage of population in the labour force,European Union - 27 countries (from 2020),2024,14.9,,
ESTAT:TIPSLM80(1.0),29/04/26 23:00:00,Annual,From 15 to 24 years,Total,Percentage of population in the labour force,European Union - 27 countries (from 2020),2025,15.2,,
ESTAT:TIPSLM80(1.0),29/04/26 23:00:00,Annual,From 15 to 24 years,Total,Percentage of population in the labour force,Finland,2009,21.7,,
ESTAT:TIPSLM80(1.0),29/04/26 23:00:00,Annual,From 15 to 24 years,Total,Percentage of population in the labour force,Finland,2010,22.0,,
ESTAT:TIPSLM80(1.0),29/04/26 23:00:00,Annual,From 15 to 24 years,Total,Percentage of population in the labour force,Finland,2011,20.3,,
ESTAT:TIPSLM80(1.0),29/04/26 23:00:00,Annual,From 15 to 24 years,Total,Percentage of population in the labour force,Finland,2012,19.5,,
ESTAT:TIPSLM80(1.0),29/04/26 23:00:00,Annual,From 15 to 24 years,Total,Percentage of population in the labour force,Finland,2013,20.6,,
ESTAT:TIPSLM80(1.0),29/04/26 23:00:00,Annual,From 15 to 24 years,Total,Percentage of population in the labour force,Finland,2014,20.5,,
ESTAT:TIPSLM80(1.0),29/04/26 23:00:00,Annual,From 15 to 24 years,Total,Percentage of population in the labour force,Finland,2015,22.5,,
ESTAT:TIPSLM80(1.0),29/04/26 23:00:00,Annual,From 15 to 24 years,Total,Percentage of population in the labour force,Finland,2016,20.5,,
ESTAT:TIPSLM80(1.0),29/04/26 23:00:00,Annual,From 15 to 24 years,Total,Percentage of population in the labour force,Finland,2017,20.0,,
ESTAT:TIPSLM80(1.0),29/04/26 23:00:00,Annual,From 15 to 24 years,Total,Percentage of population in the labour force,Finland,2018,17.3,,
ESTAT:TIPSLM80(1.0),29/04/26 23:00:00,Annual,From 15 to 24 years,Total,Percentage of population in the labour force,Finland,2019,17.7,,
ESTAT:TIPSLM80(1.0),29/04/26 23:00:00,Annual,From 15 to 24 years,Total,Percentage of population in the labour force,Finland,2020,21.0,,
ESTAT:TIPSLM80(1.0),29/04/26 23:00:00,Annual,From 15 to 24 years,Total,Percentage of population in the labour force,Finland,2021,17.1,,
ESTAT:TIPSLM80(1.0),29/04/26 23:00:00,Annual,From 15 to 24 years,Total,Percentage of population in the labour force,Finland,2022,14.2,,
ESTAT:TIPSLM80(1.0),29/04/26 23:00:00,Annual,From 15 to 24 years,Total,Percentage of population in the labour force,Finland,2023,16.2,,
ESTAT:TIPSLM80(1.0),29/04/26 23:00:00,Annual,From 15 to 24 years,Total,Percentage of population in the labour force,Finland,2024,18.8,,
ESTAT:TIPSLM80(1.0),29/04/26 23:00:00,Annual,From 15 to 24 years,Total,Percentage of population in the labour force,Finland,2025,21.8,,
ESTAT:TIPSLM80(1.0),29/04/26 23:00:00,Annual,From 15 to 24 years,Total,Percentage of population in the labour force,France,2003,20.1,,
ESTAT:TIPSLM80(1.0),29/04/26 23:00:00,Annual,From 15 to 24 years,Total,Percentage of population in the labour force,France,2004,21.7,,
ESTAT:TIPSLM80(1.0),29/04/26 23:00:00,Annual,From 15 to 24 years,Total,Percentage of population in the labour force,France,2005,22.3,,
ESTAT:TIPSLM80(1.0),29/04/26 23:00:00,Annual,From 15 to 24 years,Total,Percentage of population in the labour force,France,2006,23.5,,
ESTAT:TIPSLM80(1.0),29/04/26 23:00:00,Annual,From 15 to 24 years,Total,Percentage of population in the labour force,France,2007,20.8,,
ESTAT:TIPSLM80(1.0),29/04/26 23:00:00,Annual,From 15 to 24 years,Total,Percentage of population in the labour force,France,2008,20.2,,
ESTAT:TIPSLM80(1.0),29/04/26 23:00:00,Annual,From 15 to 24 years,Total,Percentage of population in the labour force,France,2009,25.0,,
ESTAT:TIPSLM80(1.0),29/04/26 23:00:00,Annual,From 15 to 24 years,Total,Percentage of population in the labour force,France,2010,24.7,,
ESTAT:TIPSLM80(1.0),29/04/26 23:00:00,Annual,From 15 to 24 years,Total,Percentage of population in the labour force,France,2011,24.1,,
ESTAT:TIPSLM80(1.0),29/04/26 23:00:00,Annual,From 15 to 24 years,Total,Percentage of population in the labour force,France,2012,25.8,,
ESTAT:TIPSLM80(1.0),29/04/26 23:00:00,Annual,From 15 to 24 years,Total,Percentage of population in the labour force,France,2013,26.4,,
ESTAT:TIPSLM80(1.0),29/04/26 23:00:00,Annual,From 15 to 24 years,Total,Percentage of population in the labour force,France,2014,25.7,,
ESTAT:TIPSLM80(1.0),29/04/26 23:00:00,Annual,From 15 to 24 years,Total,Percentage of population in the labour force,France,2015,26.1,,
ESTAT:TIPSLM80(1.0),29/04/26 23:00:00,Annual,From 15 to 24 years,Total,Percentage of population in the labour force,France,2016,26.0,,
ESTAT:TIPSLM80(1.0),29/04/26 23:00:00,Annual,From 15 to 24 years,Total,Percentage of population in the labour force,France,2017,23.5,,
ESTAT:TIPSLM80(1.0),29/04/26 23:00:00,Annual,From 15 to 24 years,Total,Percentage of population in the labour force,France,2018,22.0,,
ESTAT:TIPSLM80(1.0),29/04/26 23:00:00,Annual,From 15 to 24 years,Total,Percentage of population in the labour force,France,2019,20.7,,
ESTAT:TIPSLM80(1.0),29/04/26 23:00:00,Annual,From 15 to 24 years,Total,Percentage of population in the labour force,France,2020,21.5,,
ESTAT:TIPSLM80(1.0),29/04/26 23:00:00,Annual,From 15 to 24 years,Total,Percentage of population in the labour force,France,2021,18.9,d,
ESTAT:TIPSLM80(1.0),29/04/26 23:00:00,Annual,From 15 to 24 years,Total,Percentage of population in the labour force,France,2022,17.3,d,
ESTAT:TIPSLM80(1.0),29/04/26 23:00:00,Annual,From 15 to 24 years,Total,Percentage of population in the labour force,France,2023,17.2,d,
ESTAT:TIPSLM80(1.0),29/04/26 23:00:00,Annual,From 15 to 24 years,Total,Percentage of population in the labour force,France,2024,18.7,d,
ESTAT:TIPSLM80(1.0),29/04/26 23:00:00,Annual,From 15 to 24 years,Total,Percentage of population in the labour force,France,2025,19.7,d,
ESTAT:TIPSLM80(1.0),29/04/26 23:00:00,Annual,From 15 to 24 years,Total,Percentage of population in the labour force,Croatia,2009,24.8,,
ESTAT:TIPSLM80(1.0),29/04/26 23:00:00,Annual,From 15 to 24 years,Total,Percentage of population in the labour force,Croatia,2010,33.0,,
ESTAT:TIPSLM80(1.0),29/04/26 23:00:00,Annual,From 15 to 24 years,Total,Percentage of population in the labour force,Croatia,2011,36.1,,
ESTAT:TIPSLM80(1.0),29/04/26 23:00:00,Annual,From 15 to 24 years,Total,Percentage of population in the labour force,Croatia,2012,42.5,,
ESTAT:TIPSLM80(1.0),29/04/26 23:00:00,Annual,From 15 to 24 years,Total,Percentage of population in the labour force,Croatia,2013,50.5,,
ESTAT:TIPSLM80(1.0),29/04/26 23:00:00,Annual,From 15 to 24 years,Total,Percentage of population in the labour force,Croatia,2014,45.7,,
ESTAT:TIPSLM80(1.0),29/04/26 23:00:00,Annual,From 15 to 24 years,Total,Percentage of population in the labour force,Croatia,2015,42.3,,
ESTAT:TIPSLM80(1.0),29/04/26 23:00:00,Annual,From 15 to 24 years,Total,Percentage of population in the labour force,Croatia,2016,30.9,,
ESTAT:TIPSLM80(1.0),29/04/26 23:00:00,Annual,From 15 to 24 years,Total,Percentage of population in the labour force,Croatia,2017,27.4,,
ESTAT:TIPSLM80(1.0),29/04/26 23:00:00,Annual,From 15 to 24 years,Total,Percentage of population in the labour force,Croatia,2018,23.5,,
ESTAT:TIPSLM80(1.0),29/04/26 23:00:00,Annual,From 15 to 24 years,Total,Percentage of population in the labour force,Croatia,2019,16.7,,
ESTAT:TIPSLM80(1.0),29/04/26 23:00:00,Annual,From 15 to 24 years,Total,Percentage of population in the labour force,Croatia,2020,20.6,,
ESTAT:TIPSLM80(1.0),29/04/26 23:00:00,Annual,From 15 to 24 years,Total,Percentage of population in the labour force,Croatia,2021,21.5,,
ESTAT:TIPSLM80(1.0),29/04/26 23:00:00,Annual,From 15 to 24 years,Total,Percentage of population in the labour force,Croatia,2022,17.7,,
ESTAT:TIPSLM80(1.0),29/04/26 23:00:00,Annual,From 15 to 24 years,Total,Percentage of population in the labour force,Croatia,2023,18.9,,
ESTAT:TIPSLM80(1.0),29/04/26 23:00:00,Annual,From 15 to 24 years,Total,Percentage of population in the labour force,Croatia,2024,16.8,,
ESTAT:TIPSLM80(1.0),29/04/26 23:00:00,Annual,From 15 to 24 years,Total,Percentage of population in the labour force,Croatia,2025,18.3,,
ESTAT:TIPSLM80(1.0),29/04/26 23:00:00,Annual,From 15 to 24 years,Total,Percentage of population in the labour force,Hungary,2009,25.8,,
ESTAT:TIPSLM80(1.0),29/04/26 23:00:00,Annual,From 15 to 24 years,Total,Percentage of population in the labour force,Hungary,2010,25.9,,
ESTAT:TIPSLM80(1.0),29/04/26 23:00:00,Annual,From 15 to 24 years,Total,Percentage of population in the labour force,Hungary,2011,25.4,,
ESTAT:TIPSLM80(1.0),29/04/26 23:00:00,Annual,From 15 to 24 years,Total,Percentage of population in the labour force,Hungary,2012,27.8,,
ESTAT:TIPSLM80(1.0),29/04/26 23:00:00,Annual,From 15 to 24 years,Total,Percentage of population in the labour force,Hungary,2013,26.1,,
ESTAT:TIPSLM80(1.0),29/04/26 23:00:00,Annual,From 15 to 24 years,Total,Percentage of population in the labour force,Hungary,2014,20.1,,
ESTAT:TIPSLM80(1.0),29/04/26 23:00:00,Annual,From 15 to 24 years,Total,Percentage of population in the labour force,Hungary,2015,17.1,,
ESTAT:TIPSLM80(1.0),29/04/26 23:00:00,Annual,From 15 to 24 years,Total,Percentage of population in the labour force,Hungary,2016,12.7,,
ESTAT:TIPSLM80(1.0),29/04/26 23:00:00,Annual,From 15 to 24 years,Total,Percentage of population in the labour force,Hungary,2017,10.5,,
ESTAT:TIPSLM80(1.0),29/04/26 23:00:00,Annual,From 15 to 24 years,Total,Percentage of population in the labour force,Hungary,2018,9.9,b,
ESTAT:TIPSLM80(1.0),29/04/26 23:00:00,Annual,From 15 to 24 years,Total,Percentage of population in the labour force,Hungary,2019,11.4,,
ESTAT:TIPSLM80(1.0),29/04/26 23:00:00,Annual,From 15 to 24 years,Total,Percentage of population in the labour force,Hungary,2020,12.7,,
ESTAT:TIPSLM80(1.0),29/04/26 23:00:00,Annual,From 15 to 24 years,Total,Percentage of population in the labour force,Hungary,2021,13.6,,
ESTAT:TIPSLM80(1.0),29/04/26 23:00:00,Annual,From 15 to 24 years,Total,Percentage of population in the labour force,Hungary,2022,10.6,,
ESTAT:TIPSLM80(1.0),29/04/26 23:00:00,Annual,From 15 to 24 years,Total,Percentage of population in the labour force,Hungary,2023,12.8,,
ESTAT:TIPSLM80(1.0),29/04/26 23:00:00,Annual,From 15 to 24 years,Total,Percentage of population in the labour force,Hungary,2024,15.2,,
ESTAT:TIPSLM80(1.0),29/04/26 23:00:00,Annual,From 15 to 24 years,Total,Percentage of population in the labour force,Hungary,2025,13.9,,
ESTAT:TIPSLM80(1.0),29/04/26 23:00:00,Annual,From 15 to 24 years,Total,Percentage of population in the labour force,Ireland,2009,24.5,,
ESTAT:TIPSLM80(1.0),29/04/26 23:00:00,Annual,From 15 to 24 years,Total,Percentage of population in the labour force,Ireland,2010,28.1,,
ESTAT:TIPSLM80(1.0),29/04/26 23:00:00,Annual,From 15 to 24 years,Total,Percentage of population in the labour force,Ireland,2011,29.6,,
ESTAT:TIPSLM80(1.0),29/04/26 23:00:00,Annual,From 15 to 24 years,Total,Percentage of population in the labour force,Ireland,2012,30.8,,
ESTAT:TIPSLM80(1.0),29/04/26 23:00:00,Annual,From 15 to 24 years,Total,Percentage of population in the labour force,Ireland,2013,26.7,,
ESTAT:TIPSLM80(1.0),29/04/26 23:00:00,Annual,From 15 to 24 years,Total,Percentage of population in the labour force,Ireland,2014,23.4,,
ESTAT:TIPSLM80(1.0),29/04/26 23:00:00,Annual,From 15 to 24 years,Total,Percentage of population in the labour force,Ireland,2015,20.2,,
ESTAT:TIPSLM80(1.0),29/04/26 23:00:00,Annual,From 15 to 24 years,Total,Percentage of population in the labour force,Ireland,2016,16.8,,
ESTAT:TIPSLM80(1.0),29/04/26 23:00:00,Annual,From 15 to 24 years,Total,Percentage of population in the labour force,Ireland,2017,14.4,,
ESTAT:TIPSLM80(1.0),29/04/26 23:00:00,Annual,From 15 to 24 years,Total,Percentage of population in the labour force,Ireland,2018,13.8,,
ESTAT:TIPSLM80(1.0),29/04/26 23:00:00,Annual,From 15 to 24 years,Total,Percentage of population in the labour force,Ireland,2019,12.5,,
ESTAT:TIPSLM80(1.0),29/04/26 23:00:00,Annual,From 15 to 24 years,Total,Percentage of population in the labour force,Ireland,2020,15.8,,
ESTAT:TIPSLM80(1.0),29/04/26 23:00:00,Annual,From 15 to 24 years,Total,Percentage of population in the labour force,Ireland,2021,14.6,b,
ESTAT:TIPSLM80(1.0),29/04/26 23:00:00,Annual,From 15 to 24 years,Total,Percentage of population in the labour force,Ireland,2022,10.1,,
ESTAT:TIPSLM80(1.0),29/04/26 23:00:00,Annual,From 15 to 24 years,Total,Percentage of population in the labour force,Ireland,2023,10.7,,
ESTAT:TIPSLM80(1.0),29/04/26 23:00:00,Annual,From 15 to 24 years,Total,Percentage of population in the labour force,Ireland,2024,10.6,,
ESTAT:TIPSLM80(1.0),29/04/26 23:00:00,Annual,From 15 to 24 years,Total,Percentage of population in the labour force,Ireland,2025,11.8,,
ESTAT:TIPSLM80(1.0),29/04/26 23:00:00,Annual,From 15 to 24 years,Total,Percentage of population in the labour force,Italy,2009,25.4,,
ESTAT:TIPSLM80(1.0),29/04/26 23:00:00,Annual,From 15 to 24 years,Total,Percentage of population in the labour force,Italy,2010,28.0,,
ESTAT:TIPSLM80(1.0),29/04/26 23:00:00,Annual,From 15 to 24 years,Total,Percentage of population in the labour force,Italy,2011,29.2,,
ESTAT:TIPSLM80(1.0),29/04/26 23:00:00,Annual,From 15 to 24 years,Total,Percentage of population in the labour force,Italy,2012,35.3,,
ESTAT:TIPSLM80(1.0),29/04/26 23:00:00,Annual,From 15 to 24 years,Total,Percentage of population in the labour force,Italy,2013,40.0,,
ESTAT:TIPSLM80(1.0),29/04/26 23:00:00,Annual,From 15 to 24 years,Total,Percentage of population in the labour force,Italy,2014,42.7,,
ESTAT:TIPSLM80(1.0),29/04/26 23:00:00,Annual,From 15 to 24 years,Total,Percentage of population in the labour force,Italy,2015,40.3,,
ESTAT:TIPSLM80(1.0),29/04/26 23:00:00,Annual,From 15 to 24 years,Total,Percentage of population in the labour force,Italy,2016,37.7,,
ESTAT:TIPSLM80(1.0),29/04/26 23:00:00,Annual,From 15 to 24 years,Total,Percentage of population in the labour force,Italy,2017,34.6,,
ESTAT:TIPSLM80(1.0),29/04/26 23:00:00,Annual,From 15 to 24 years,Total,Percentage of population in the labour force,Italy,2018,32.2,b,
ESTAT:TIPSLM80(1.0),29/04/26 23:00:00,Annual,From 15 to 24 years,Total,Percentage of population in the labour force,Italy,2019,29.2,,
ESTAT:TIPSLM80(1.0),29/04/26 23:00:00,Annual,From 15 to 24 years,Total,Percentage of population in the labour force,Italy,2020,29.8,,
ESTAT:TIPSLM80(1.0),29/04/26 23:00:00,Annual,From 15 to 24 years,Total,Percentage of population in the labour force,Italy,2021,29.7,,
ESTAT:TIPSLM80(1.0),29/04/26 23:00:00,Annual,From 15 to 24 years,Total,Percentage of population in the labour force,Italy,2022,23.7,,
ESTAT:TIPSLM80(1.0),29/04/26 23:00:00,Annual,From 15 to 24 years,Total,Percentage of population in the labour force,Italy,2023,22.7,,
ESTAT:TIPSLM80(1.0),29/04/26 23:00:00,Annual,From 15 to 24 years,Total,Percentage of population in the labour force,Italy,2024,20.3,,
ESTAT:TIPSLM80(1.0),29/04/26 23:00:00,Annual,From 15 to 24 years,Total,Percentage of population in the labour force,Italy,2025,20.6,,
ESTAT:TIPSLM80(1.0),29/04/26 23:00:00,Annual,From 15 to 24 years,Total,Percentage of population in the labour force,Lithuania,2009,29.6,,
ESTAT:TIPSLM80(1.0),29/04/26 23:00:00,Annual,From 15 to 24 years,Total,Percentage of population in the labour force,Lithuania,2010,35.7,,
ESTAT:TIPSLM80(1.0),29/04/26 23:00:00,Annual,From 15 to 24 years,Total,Percentage of population in the labour force,Lithuania,2011,32.6,,
ESTAT:TIPSLM80(1.0),29/04/26 23:00:00,Annual,From 15 to 24 years,Total,Percentage of population in the labour force,Lithuania,2012,26.7,,
ESTAT:TIPSLM80(1.0),29/04/26 23:00:00,Annual,From 15 to 24 years,Total,Percentage of population in the labour force,Lithuania,2013,21.9,,
ESTAT:TIPSLM80(1.0),29/04/26 23:00:00,Annual,From 15 to 24 years,Total,Percentage of population in the labour force,Lithuania,2014,19.3,,
ESTAT:TIPSLM80(1.0),29/04/26 23:00:00,Annual,From 15 to 24 years,Total,Percentage of population in the labour force,Lithuania,2015,16.3,,
ESTAT:TIPSLM80(1.0),29/04/26 23:00:00,Annual,From 15 to 24 years,Total,Percentage of population in the labour force,Lithuania,2016,14.5,,
ESTAT:TIPSLM80(1.0),29/04/26 23:00:00,Annual,From 15 to 24 years,Total,Percentage of population in the labour force,Lithuania,2017,13.3,,
ESTAT:TIPSLM80(1.0),29/04/26 23:00:00,Annual,From 15 to 24 years,Total,Percentage of population in the labour force,Lithuania,2018,11.1,,
ESTAT:TIPSLM80(1.0),29/04/26 23:00:00,Annual,From 15 to 24 years,Total,Percentage of population in the labour force,Lithuania,2019,11.9,,
ESTAT:TIPSLM80(1.0),29/04/26 23:00:00,Annual,From 15 to 24 years,Total,Percentage of population in the labour force,Lithuania,2020,19.6,,
ESTAT:TIPSLM80(1.0),29/04/26 23:00:00,Annual,From 15 to 24 years,Total,Percentage of population in the labour force,Lithuania,2021,14.3,,
ESTAT:TIPSLM80(1.0),29/04/26 23:00:00,Annual,From 15 to 24 years,Total,Percentage of population in the labour force,Lithuania,2022,11.9,,
ESTAT:TIPSLM80(1.0),29/04/26 23:00:00,Annual,From 15 to 24 years,Total,Percentage of population in the labour force,Lithuania,2023,13.8,,
ESTAT:TIPSLM80(1.0),29/04/26 23:00:00,Annual,From 15 to 24 years,Total,Percentage of population in the labour force,Lithuania,2024,16.2,,
ESTAT:TIPSLM80(1.0),29/04/26 23:00:00,Annual,From 15 to 24 years,Total,Percentage of population in the labour force,Lithuania,2025,14.1,,
ESTAT:TIPSLM80(1.0),29/04/26 23:00:00,Annual,From 15 to 24 years,Total,Percentage of population in the labour force,Luxembourg,2009,17.2,,
ESTAT:TIPSLM80(1.0),29/04/26 23:00:00,Annual,From 15 to 24 years,Total,Percentage of population in the labour force,Luxembourg,2010,14.2,,
ESTAT:TIPSLM80(1.0),29/04/26 23:00:00,Annual,From 15 to 24 years,Total,Percentage of population in the labour force,Luxembourg,2011,16.8,,
ESTAT:TIPSLM80(1.0),29/04/26 23:00:00,Annual,From 15 to 24 years,Total,Percentage of population in the labour force,Luxembourg,2012,18.8,,
ESTAT:TIPSLM80(1.0),29/04/26 23:00:00,Annual,From 15 to 24 years,Total,Percentage of population in the labour force,Luxembourg,2013,15.5,,
ESTAT:TIPSLM80(1.0),29/04/26 23:00:00,Annual,From 15 to 24 years,Total,Percentage of population in the labour force,Luxembourg,2014,22.6,,
ESTAT:TIPSLM80(1.0),29/04/26 23:00:00,Annual,From 15 to 24 years,Total,Percentage of population in the labour force,Luxembourg,2015,17.3,b,
ESTAT:TIPSLM80(1.0),29/04/26 23:00:00,Annual,From 15 to 24 years,Total,Percentage of population in the labour force,Luxembourg,2016,18.9,,
ESTAT:TIPSLM80(1.0),29/04/26 23:00:00,Annual,From 15 to 24 years,Total,Percentage of population in the labour force,Luxembourg,2017,15.4,,
ESTAT:TIPSLM80(1.0),29/04/26 23:00:00,Annual,From 15 to 24 years,Total,Percentage of population in the labour force,Luxembourg,2018,14.2,,
ESTAT:TIPSLM80(1.0),29/04/26 23:00:00,Annual,From 15 to 24 years,Total,Percentage of population in the labour force,Luxembourg,2019,17.0,,
ESTAT:TIPSLM80(1.0),29/04/26 23:00:00,Annual,From 15 to 24 years,Total,Percentage of population in the labour force,Luxembourg,2020,23.2,,
ESTAT:TIPSLM80(1.0),29/04/26 23:00:00,Annual,From 15 to 24 years,Total,Percentage of population in the labour force,Luxembourg,2021,16.9,,
ESTAT:TIPSLM80(1.0),29/04/26 23:00:00,Annual,From 15 to 24 years,Total,Percentage of population in the labour force,Luxembourg,2022,17.6,,
ESTAT:TIPSLM80(1.0),29/04/26 23:00:00,Annual,From 15 to 24 years,Total,Percentage of population in the labour force,Luxembourg,2023,18.8,,
ESTAT:TIPSLM80(1.0),29/04/26 23:00:00,Annual,From 15 to 24 years,Total,Percentage of population in the labour force,Luxembourg,2024,21.6,,
ESTAT:TIPSLM80(1.0),29/04/26 23:00:00,Annual,From 15 to 24 years,Total,Percentage of population in the labour force,Luxembourg,2025,18.6,,
ESTAT:TIPSLM80(1.0),29/04/26 23:00:00,Annual,From 15 to 24 years,Total,Percentage of population in the labour force,Latvia,2009,33.4,,
ESTAT:TIPSLM80(1.0),29/04/26 23:00:00,Annual,From 15 to 24 years,Total,Percentage of population in the labour force,Latvia,2010,36.2,,
ESTAT:TIPSLM80(1.0),29/04/26 23:00:00,Annual,From 15 to 24 years,Total,Percentage of population in the labour force,Latvia,2011,31.0,,
ESTAT:TIPSLM80(1.0),29/04/26 23:00:00,Annual,From 15 to 24 years,Total,Percentage of population in the labour force,Latvia,2012,28.5,,
ESTAT:TIPSLM80(1.0),29/04/26 23:00:00,Annual,From 15 to 24 years,Total,Percentage of population in the labour force,Latvia,2013,23.2,,
ESTAT:TIPSLM80(1.0),29/04/26 23:00:00,Annual,From 15 to 24 years,Total,Percentage of population in the labour force,Latvia,2014,19.6,,
ESTAT:TIPSLM80(1.0),29/04/26 23:00:00,Annual,From 15 to 24 years,Total,Percentage of population in the labour force,Latvia,2015,16.3,,
ESTAT:TIPSLM80(1.0),29/04/26 23:00:00,Annual,From 15 to 24 years,Total,Percentage of population in the labour force,Latvia,2016,17.5,,
ESTAT:TIPSLM80(1.0),29/04/26 23:00:00,Annual,From 15 to 24 years,Total,Percentage of population in the labour force,Latvia,2017,17.0,,
ESTAT:TIPSLM80(1.0),29/04/26 23:00:00,Annual,From 15 to 24 years,Total,Percentage of population in the labour force,Latvia,2018,12.2,,
ESTAT:TIPSLM80(1.0),29/04/26 23:00:00,Annual,From 15 to 24 years,Total,Percentage of population in the labour force,Latvia,2019,12.7,,
ESTAT:TIPSLM80(1.0),29/04/26 23:00:00,Annual,From 15 to 24 years,Total,Percentage of population in the labour force,Latvia,2020,14.9,,
ESTAT:TIPSLM80(1.0),29/04/26 23:00:00,Annual,From 15 to 24 years,Total,Percentage of population in the labour force,Latvia,2021,14.8,,
ESTAT:TIPSLM80(1.0),29/04/26 23:00:00,Annual,From 15 to 24 years,Total,Percentage of population in the labour force,Latvia,2022,15.3,,
ESTAT:TIPSLM80(1.0),29/04/26 23:00:00,Annual,From 15 to 24 years,Total,Percentage of population in the labour force,Latvia,2023,12.3,,
ESTAT:TIPSLM80(1.0),29/04/26 23:00:00,Annual,From 15 to 24 years,Total,Percentage of population in the labour force,Latvia,2024,13.6,,
ESTAT:TIPSLM80(1.0),29/04/26 23:00:00,Annual,From 15 to 24 years,Total,Percentage of population in the labour force,Latvia,2025,14.8,,
ESTAT:TIPSLM80(1.0),29/04/26 23:00:00,Annual,From 15 to 24 years,Total,Percentage of population in the labour force,Malta,2009,14.5,,
ESTAT:TIPSLM80(1.0),29/04/26 23:00:00,Annual,From 15 to 24 years,Total,Percentage of population in the labour force,Malta,2010,13.2,,
ESTAT:TIPSLM80(1.0),29/04/26 23:00:00,Annual,From 15 to 24 years,Total,Percentage of population in the labour force,Malta,2011,13.3,,
ESTAT:TIPSLM80(1.0),29/04/26 23:00:00,Annual,From 15 to 24 years,Total,Percentage of population in the labour force,Malta,2012,13.8,,
ESTAT:TIPSLM80(1.0),29/04/26 23:00:00,Annual,From 15 to 24 years,Total,Percentage of population in the labour force,Malta,2013,12.7,,
ESTAT:TIPSLM80(1.0),29/04/26 23:00:00,Annual,From 15 to 24 years,Total,Percentage of population in the labour force,Malta,2014,11.7,,
ESTAT:TIPSLM80(1.0),29/04/26 23:00:00,Annual,From 15 to 24 years,Total,Percentage of population in the labour force,Malta,2015,11.6,,
ESTAT:TIPSLM80(1.0),29/04/26 23:00:00,Annual,From 15 to 24 years,Total,Percentage of population in the labour force,Malta,2016,10.7,,
ESTAT:TIPSLM80(1.0),29/04/26 23:00:00,Annual,From 15 to 24 years,Total,Percentage of population in the labour force,Malta,2017,10.6,,
ESTAT:TIPSLM80(1.0),29/04/26 23:00:00,Annual,From 15 to 24 years,Total,Percentage of population in the labour force,Malta,2018,9.4,,
ESTAT:TIPSLM80(1.0),29/04/26 23:00:00,Annual,From 15 to 24 years,Total,Percentage of population in the labour force,Malta,2019,10.1,,
ESTAT:TIPSLM80(1.0),29/04/26 23:00:00,Annual,From 15 to 24 years,Total,Percentage of population in the labour force,Malta,2020,11.5,,
ESTAT:TIPSLM80(1.0),29/04/26 23:00:00,Annual,From 15 to 24 years,Total,Percentage of population in the labour force,Malta,2021,9.9,,
ESTAT:TIPSLM80(1.0),29/04/26 23:00:00,Annual,From 15 to 24 years,Total,Percentage of population in the labour force,Malta,2022,9.0,,
ESTAT:TIPSLM80(1.0),29/04/26 23:00:00,Annual,From 15 to 24 years,Total,Percentage of population in the labour force,Malta,2023,9.2,,
ESTAT:TIPSLM80(1.0),29/04/26 23:00:00,Annual,From 15 to 24 years,Total,Percentage of population in the labour force,Malta,2024,9.2,,
ESTAT:TIPSLM80(1.0),29/04/26 23:00:00,Annual,From 15 to 24 years,Total,Percentage of population in the labour force,Malta,2025,9.6,,
ESTAT:TIPSLM80(1.0),29/04/26 23:00:00,Annual,From 15 to 24 years,Total,Percentage of population in the labour force,Netherlands,2009,11.6,,
ESTAT:TIPSLM80(1.0),29/04/26 23:00:00,Annual,From 15 to 24 years,Total,Percentage of population in the labour force,Netherlands,2010,12.4,,
ESTAT:TIPSLM80(1.0),29/04/26 23:00:00,Annual,From 15 to 24 years,Total,Percentage of population in the labour force,Netherlands,2011,11.4,,
ESTAT:TIPSLM80(1.0),29/04/26 23:00:00,Annual,From 15 to 24 years,Total,Percentage of population in the labour force,Netherlands,2012,12.9,,
ESTAT:TIPSLM80(1.0),29/04/26 23:00:00,Annual,From 15 to 24 years,Total,Percentage of population in the labour force,Netherlands,2013,14.2,,
ESTAT:TIPSLM80(1.0),29/04/26 23:00:00,Annual,From 15 to 24 years,Total,Percentage of population in the labour force,Netherlands,2014,13.8,,
ESTAT:TIPSLM80(1.0),29/04/26 23:00:00,Annual,From 15 to 24 years,Total,Percentage of population in the labour force,Netherlands,2015,12.5,,
ESTAT:TIPSLM80(1.0),29/04/26 23:00:00,Annual,From 15 to 24 years,Total,Percentage of population in the labour force,Netherlands,2016,12.1,,
ESTAT:TIPSLM80(1.0),29/04/26 23:00:00,Annual,From 15 to 24 years,Total,Percentage of population in the labour force,Netherlands,2017,10.4,,
ESTAT:TIPSLM80(1.0),29/04/26 23:00:00,Annual,From 15 to 24 years,Total,Percentage of population in the labour force,Netherlands,2018,8.9,,
ESTAT:TIPSLM80(1.0),29/04/26 23:00:00,Annual,From 15 to 24 years,Total,Percentage of population in the labour force,Netherlands,2019,8.5,,
ESTAT:TIPSLM80(1.0),29/04/26 23:00:00,Annual,From 15 to 24 years,Total,Percentage of population in the labour force,Netherlands,2020,10.6,,
ESTAT:TIPSLM80(1.0),29/04/26 23:00:00,Annual,From 15 to 24 years,Total,Percentage of population in the labour force,Netherlands,2021,9.3,,
ESTAT:TIPSLM80(1.0),29/04/26 23:00:00,Annual,From 15 to 24 years,Total,Percentage of population in the labour force,Netherlands,2022,7.6,,
ESTAT:TIPSLM80(1.0),29/04/26 23:00:00,Annual,From 15 to 24 years,Total,Percentage of population in the labour force,Netherlands,2023,8.2,,
ESTAT:TIPSLM80(1.0),29/04/26 23:00:00,Annual,From 15 to 24 years,Total,Percentage of population in the labour force,Netherlands,2024,8.7,,
ESTAT:TIPSLM80(1.0),29/04/26 23:00:00,Annual,From 15 to 24 years,Total,Percentage of population in the labour force,Netherlands,2025,8.8,,
ESTAT:TIPSLM80(1.0),29/04/26 23:00:00,Annual,From 15 to 24 years,Total,Percentage of population in the labour force,Poland,2009,21.0,,
ESTAT:TIPSLM80(1.0),29/04/26 23:00:00,Annual,From 15 to 24 years,Total,Percentage of population in the labour force,Poland,2010,24.0,b,
ESTAT:TIPSLM80(1.0),29/04/26 23:00:00,Annual,From 15 to 24 years,Total,Percentage of population in the labour force,Poland,2011,26.0,,
ESTAT:TIPSLM80(1.0),29/04/26 23:00:00,Annual,From 15 to 24 years,Total,Percentage of population in the labour force,Poland,2012,26.8,,
ESTAT:TIPSLM80(1.0),29/04/26 23:00:00,Annual,From 15 to 24 years,Total,Percentage of population in the labour force,Poland,2013,27.6,,
ESTAT:TIPSLM80(1.0),29/04/26 23:00:00,Annual,From 15 to 24 years,Total,Percentage of population in the labour force,Poland,2014,24.1,,
ESTAT:TIPSLM80(1.0),29/04/26 23:00:00,Annual,From 15 to 24 years,Total,Percentage of population in the labour force,Poland,2015,21.0,,
ESTAT:TIPSLM80(1.0),29/04/26 23:00:00,Annual,From 15 to 24 years,Total,Percentage of population in the labour force,Poland,2016,17.8,,
ESTAT:TIPSLM80(1.0),29/04/26 23:00:00,Annual,From 15 to 24 years,Total,Percentage of population in the labour force,Poland,2017,14.9,,
ESTAT:TIPSLM80(1.0),29/04/26 23:00:00,Annual,From 15 to 24 years,Total,Percentage of population in the labour force,Poland,2018,11.8,,
ESTAT:TIPSLM80(1.0),29/04/26 23:00:00,Annual,From 15 to 24 years,Total,Percentage of population in the labour force,Poland,2019,9.7,b,
ESTAT:TIPSLM80(1.0),29/04/26 23:00:00,Annual,From 15 to 24 years,Total,Percentage of population in the labour force,Poland,2020,10.8,,
ESTAT:TIPSLM80(1.0),29/04/26 23:00:00,Annual,From 15 to 24 years,Total,Percentage of population in the labour force,Poland,2021,11.9,,
ESTAT:TIPSLM80(1.0),29/04/26 23:00:00,Annual,From 15 to 24 years,Total,Percentage of population in the labour force,Poland,2022,10.8,,
ESTAT:TIPSLM80(1.0),29/04/26 23:00:00,Annual,From 15 to 24 years,Total,Percentage of population in the labour force,Poland,2023,11.4,,
ESTAT:TIPSLM80(1.0),29/04/26 23:00:00,Annual,From 15 to 24 years,Total,Percentage of population in the labour force,Poland,2024,10.8,,
ESTAT:TIPSLM80(1.0),29/04/26 23:00:00,Annual,From 15 to 24 years,Total,Percentage of population in the labour force,Poland,2025,12.2,,
ESTAT:TIPSLM80(1.0),29/04/26 23:00:00,Annual,From 15 to 24 years,Total,Percentage of population in the labour force,Portugal,2009,25.3,,
ESTAT:TIPSLM80(1.0),29/04/26 23:00:00,Annual,From 15 to 24 years,Total,Percentage of population in the labour force,Portugal,2010,28.0,,
ESTAT:TIPSLM80(1.0),29/04/26 23:00:00,Annual,From 15 to 24 years,Total,Percentage of population in the labour force,Portugal,2011,30.4,,
ESTAT:TIPSLM80(1.0),29/04/26 23:00:00,Annual,From 15 to 24 years,Total,Percentage of population in the labour force,Portugal,2012,38.2,,
ESTAT:TIPSLM80(1.0),29/04/26 23:00:00,Annual,From 15 to 24 years,Total,Percentage of population in the labour force,Portugal,2013,38.6,,
ESTAT:TIPSLM80(1.0),29/04/26 23:00:00,Annual,From 15 to 24 years,Total,Percentage of population in the labour force,Portugal,2014,34.7,,
ESTAT:TIPSLM80(1.0),29/04/26 23:00:00,Annual,From 15 to 24 years,Total,Percentage of population in the labour force,Portugal,2015,31.8,,
ESTAT:TIPSLM80(1.0),29/04/26 23:00:00,Annual,From 15 to 24 years,Total,Percentage of population in the labour force,Portugal,2016,27.8,,
ESTAT:TIPSLM80(1.0),29/04/26 23:00:00,Annual,From 15 to 24 years,Total,Percentage of population in the labour force,Portugal,2017,23.8,,
ESTAT:TIPSLM80(1.0),29/04/26 23:00:00,Annual,From 15 to 24 years,Total,Percentage of population in the labour force,Portugal,2018,20.2,,
ESTAT:TIPSLM80(1.0),29/04/26 23:00:00,Annual,From 15 to 24 years,Total,Percentage of population in the labour force,Portugal,2019,18.4,,
ESTAT:TIPSLM80(1.0),29/04/26 23:00:00,Annual,From 15 to 24 years,Total,Percentage of population in the labour force,Portugal,2020,22.4,,
ESTAT:TIPSLM80(1.0),29/04/26 23:00:00,Annual,From 15 to 24 years,Total,Percentage of population in the labour force,Portugal,2021,23.4,,
ESTAT:TIPSLM80(1.0),29/04/26 23:00:00,Annual,From 15 to 24 years,Total,Percentage of population in the labour force,Portugal,2022,19.2,,
ESTAT:TIPSLM80(1.0),29/04/26 23:00:00,Annual,From 15 to 24 years,Total,Percentage of population in the labour force,Portugal,2023,20.5,,
ESTAT:TIPSLM80(1.0),29/04/26 23:00:00,Annual,From 15 to 24 years,Total,Percentage of population in the labour force,Portugal,2024,21.6,,
ESTAT:TIPSLM80(1.0),29/04/26 23:00:00,Annual,From 15 to 24 years,Total,Percentage of population in the labour force,Portugal,2025,19.5,,
ESTAT:TIPSLM80(1.0),29/04/26 23:00:00,Annual,From 15 to 24 years,Total,Percentage of population in the labour force,Romania,2009,24.8,,
ESTAT:TIPSLM80(1.0),29/04/26 23:00:00,Annual,From 15 to 24 years,Total,Percentage of population in the labour force,Romania,2010,28.0,,
ESTAT:TIPSLM80(1.0),29/04/26 23:00:00,Annual,From 15 to 24 years,Total,Percentage of population in the labour force,Romania,2011,29.4,,
ESTAT:TIPSLM80(1.0),29/04/26 23:00:00,Annual,From 15 to 24 years,Total,Percentage of population in the labour force,Romania,2012,28.2,,
ESTAT:TIPSLM80(1.0),29/04/26 23:00:00,Annual,From 15 to 24 years,Total,Percentage of population in the labour force,Romania,2013,29.6,,
ESTAT:TIPSLM80(1.0),29/04/26 23:00:00,Annual,From 15 to 24 years,Total,Percentage of population in the labour force,Romania,2014,30.0,,
ESTAT:TIPSLM80(1.0),29/04/26 23:00:00,Annual,From 15 to 24 years,Total,Percentage of population in the labour force,Romania,2015,27.3,,
ESTAT:TIPSLM80(1.0),29/04/26 23:00:00,Annual,From 15 to 24 years,Total,Percentage of population in the labour force,Romania,2016,25.9,,
ESTAT:TIPSLM80(1.0),29/04/26 23:00:00,Annual,From 15 to 24 years,Total,Percentage of population in the labour force,Romania,2017,23.0,,
ESTAT:TIPSLM80(1.0),29/04/26 23:00:00,Annual,From 15 to 24 years,Total,Percentage of population in the labour force,Romania,2018,20.5,,
ESTAT:TIPSLM80(1.0),29/04/26 23:00:00,Annual,From 15 to 24 years,Total,Percentage of population in the labour force,Romania,2019,21.0,,
ESTAT:TIPSLM80(1.0),29/04/26 23:00:00,Annual,From 15 to 24 years,Total,Percentage of population in the labour force,Romania,2020,21.6,,
ESTAT:TIPSLM80(1.0),29/04/26 23:00:00,Annual,From 15 to 24 years,Total,Percentage of population in the labour force,Romania,2021,21.0,,
ESTAT:TIPSLM80(1.0),29/04/26 23:00:00,Annual,From 15 to 24 years,Total,Percentage of population in the labour force,Romania,2022,22.8,,
ESTAT:TIPSLM80(1.0),29/04/26 23:00:00,Annual,From 15 to 24 years,Total,Percentage of population in the labour force,Romania,2023,21.8,,
ESTAT:TIPSLM80(1.0),29/04/26 23:00:00,Annual,From 15 to 24 years,Total,Percentage of population in the labour force,Romania,2024,23.9,,
ESTAT:TIPSLM80(1.0),29/04/26 23:00:00,Annual,From 15 to 24 years,Total,Percentage of population in the labour force,Romania,2025,26.1,,
ESTAT:TIPSLM80(1.0),29/04/26 23:00:00,Annual,From 15 to 24 years,Total,Percentage of population in the labour force,Sweden,2005,22.2,,
ESTAT:TIPSLM80(1.0),29/04/26 23:00:00,Annual,From 15 to 24 years,Total,Percentage of population in the labour force,Sweden,2006,20.9,,
ESTAT:TIPSLM80(1.0),29/04/26 23:00:00,Annual,From 15 to 24 years,Total,Percentage of population in the labour force,Sweden,2007,18.6,,
ESTAT:TIPSLM80(1.0),29/04/26 23:00:00,Annual,From 15 to 24 years,Total,Percentage of population in the labour force,Sweden,2008,19.6,,
ESTAT:TIPSLM80(1.0),29/04/26 23:00:00,Annual,From 15 to 24 years,Total,Percentage of population in the labour force,Sweden,2009,24.4,,
ESTAT:TIPSLM80(1.0),29/04/26 23:00:00,Annual,From 15 to 24 years,Total,Percentage of population in the labour force,Sweden,2010,24.1,,
ESTAT:TIPSLM80(1.0),29/04/26 23:00:00,Annual,From 15 to 24 years,Total,Percentage of population in the labour force,Sweden,2011,22.1,,
ESTAT:TIPSLM80(1.0),29/04/26 23:00:00,Annual,From 15 to 24 years,Total,Percentage of population in the labour force,Sweden,2012,22.9,,
ESTAT:TIPSLM80(1.0),29/04/26 23:00:00,Annual,From 15 to 24 years,Total,Percentage of population in the labour force,Sweden,2013,22.8,,
ESTAT:TIPSLM80(1.0),29/04/26 23:00:00,Annual,From 15 to 24 years,Total,Percentage of population in the labour force,Sweden,2014,22.2,,
ESTAT:TIPSLM80(1.0),29/04/26 23:00:00,Annual,From 15 to 24 years,Total,Percentage of population in the labour force,Sweden,2015,19.7,,
ESTAT:TIPSLM80(1.0),29/04/26 23:00:00,Annual,From 15 to 24 years,Total,Percentage of population in the labour force,Sweden,2016,18.2,,
ESTAT:TIPSLM80(1.0),29/04/26 23:00:00,Annual,From 15 to 24 years,Total,Percentage of population in the labour force,Sweden,2017,17.1,,
ESTAT:TIPSLM80(1.0),29/04/26 23:00:00,Annual,From 15 to 24 years,Total,Percentage of population in the labour force,Sweden,2018,16.8,,
ESTAT:TIPSLM80(1.0),29/04/26 23:00:00,Annual,From 15 to 24 years,Total,Percentage of population in the labour force,Sweden,2019,19.3,,
ESTAT:TIPSLM80(1.0),29/04/26 23:00:00,Annual,From 15 to 24 years,Total,Percentage of population in the labour force,Sweden,2020,23.6,,
ESTAT:TIPSLM80(1.0),29/04/26 23:00:00,Annual,From 15 to 24 years,Total,Percentage of population in the labour force,Sweden,2021,24.7,,
ESTAT:TIPSLM80(1.0),29/04/26 23:00:00,Annual,From 15 to 24 years,Total,Percentage of population in the labour force,Sweden,2022,21.7,,
ESTAT:TIPSLM80(1.0),29/04/26 23:00:00,Annual,From 15 to 24 years,Total,Percentage of population in the labour force,Sweden,2023,22.1,,
ESTAT:TIPSLM80(1.0),29/04/26 23:00:00,Annual,From 15 to 24 years,Total,Percentage of population in the labour force,Sweden,2024,24.3,,
ESTAT:TIPSLM80(1.0),29/04/26 23:00:00,Annual,From 15 to 24 years,Total,Percentage of population in the labour force,Sweden,2025,24.3,,
ESTAT:TIPSLM80(1.0),29/04/26 23:00:00,Annual,From 15 to 24 years,Total,Percentage of population in the labour force,Slovenia,2009,13.8,,
ESTAT:TIPSLM80(1.0),29/04/26 23:00:00,Annual,From 15 to 24 years,Total,Percentage of population in the labour force,Slovenia,2010,14.7,,
ESTAT:TIPSLM80(1.0),29/04/26 23:00:00,Annual,From 15 to 24 years,Total,Percentage of population in the labour force,Slovenia,2011,15.9,,
ESTAT:TIPSLM80(1.0),29/04/26 23:00:00,Annual,From 15 to 24 years,Total,Percentage of population in the labour force,Slovenia,2012,20.8,,
ESTAT:TIPSLM80(1.0),29/04/26 23:00:00,Annual,From 15 to 24 years,Total,Percentage of population in the labour force,Slovenia,2013,21.6,,
ESTAT:TIPSLM80(1.0),29/04/26 23:00:00,Annual,From 15 to 24 years,Total,Percentage of population in the labour force,Slovenia,2014,20.5,,
ESTAT:TIPSLM80(1.0),29/04/26 23:00:00,Annual,From 15 to 24 years,Total,Percentage of population in the labour force,Slovenia,2015,16.4,,
ESTAT:TIPSLM80(1.0),29/04/26 23:00:00,Annual,From 15 to 24 years,Total,Percentage of population in the labour force,Slovenia,2016,15.3,,
ESTAT:TIPSLM80(1.0),29/04/26 23:00:00,Annual,From 15 to 24 years,Total,Percentage of population in the labour force,Slovenia,2017,11.3,,
ESTAT:TIPSLM80(1.0),29/04/26 23:00:00,Annual,From 15 to 24 years,Total,Percentage of population in the labour force,Slovenia,2018,8.9,,
ESTAT:TIPSLM80(1.0),29/04/26 23:00:00,Annual,From 15 to 24 years,Total,Percentage of population in the labour force,Slovenia,2019,8.1,,
ESTAT:TIPSLM80(1.0),29/04/26 23:00:00,Annual,From 15 to 24 years,Total,Percentage of population in the labour force,Slovenia,2020,14.3,,
ESTAT:TIPSLM80(1.0),29/04/26 23:00:00,Annual,From 15 to 24 years,Total,Percentage of population in the labour force,Slovenia,2021,12.8,,
ESTAT:TIPSLM80(1.0),29/04/26 23:00:00,Annual,From 15 to 24 years,Total,Percentage of population in the labour force,Slovenia,2022,10.1,,
ESTAT:TIPSLM80(1.0),29/04/26 23:00:00,Annual,From 15 to 24 years,Total,Percentage of population in the labour force,Slovenia,2023,9.9,,
ESTAT:TIPSLM80(1.0),29/04/26 23:00:00,Annual,From 15 to 24 years,Total,Percentage of population in the labour force,Slovenia,2024,10.9,,
ESTAT:TIPSLM80(1.0),29/04/26 23:00:00,Annual,From 15 to 24 years,Total,Percentage of population in the labour force,Slovenia,2025,12.1,,
ESTAT:TIPSLM80(1.0),29/04/26 23:00:00,Annual,From 15 to 24 years,Total,Percentage of population in the labour force,Slovakia,2009,28.5,,
ESTAT:TIPSLM80(1.0),29/04/26 23:00:00,Annual,From 15 to 24 years,Total,Percentage of population in the labour force,Slovakia,2010,34.9,,
ESTAT:TIPSLM80(1.0),29/04/26 23:00:00,Annual,From 15 to 24 years,Total,Percentage of population in the labour force,Slovakia,2011,34.8,b,
ESTAT:TIPSLM80(1.0),29/04/26 23:00:00,Annual,From 15 to 24 years,Total,Percentage of population in the labour force,Slovakia,2012,35.3,,
ESTAT:TIPSLM80(1.0),29/04/26 23:00:00,Annual,From 15 to 24 years,Total,Percentage of population in the labour force,Slovakia,2013,34.9,,
ESTAT:TIPSLM80(1.0),29/04/26 23:00:00,Annual,From 15 to 24 years,Total,Percentage of population in the labour force,Slovakia,2014,31.0,,
ESTAT:TIPSLM80(1.0),29/04/26 23:00:00,Annual,From 15 to 24 years,Total,Percentage of population in the labour force,Slovakia,2015,27.7,,
ESTAT:TIPSLM80(1.0),29/04/26 23:00:00,Annual,From 15 to 24 years,Total,Percentage of population in the labour force,Slovakia,2016,23.4,,
ESTAT:TIPSLM80(1.0),29/04/26 23:00:00,Annual,From 15 to 24 years,Total,Percentage of population in the labour force,Slovakia,2017,20.0,,
ESTAT:TIPSLM80(1.0),29/04/26 23:00:00,Annual,From 15 to 24 years,Total,Percentage of population in the labour force,Slovakia,2018,15.8,,
ESTAT:TIPSLM80(1.0),29/04/26 23:00:00,Annual,From 15 to 24 years,Total,Percentage of population in the labour force,Slovakia,2019,17.1,,
ESTAT:TIPSLM80(1.0),29/04/26 23:00:00,Annual,From 15 to 24 years,Total,Percentage of population in the labour force,Slovakia,2020,20.4,,
ESTAT:TIPSLM80(1.0),29/04/26 23:00:00,Annual,From 15 to 24 years,Total,Percentage of population in the labour force,Slovakia,2021,20.6,,
ESTAT:TIPSLM80(1.0),29/04/26 23:00:00,Annual,From 15 to 24 years,Total,Percentage of population in the labour force,Slovakia,2022,19.9,,
ESTAT:TIPSLM80(1.0),29/04/26 23:00:00,Annual,From 15 to 24 years,Total,Percentage of population in the labour force,Slovakia,2023,19.8,,
ESTAT:TIPSLM80(1.0),29/04/26 23:00:00,Annual,From 15 to 24 years,Total,Percentage of population in the labour force,Slovakia,2024,19.2,,
ESTAT:TIPSLM80(1.0),29/04/26 23:00:00,Annual,From 15 to 24 years,Total,Percentage of population in the labour force,Slovakia,2025,15.3,,
